datetime,open,high,low,close,volume
2026-07-08T00:00:00+00:00,52273.84,52592.94,52228.59,52441.34,650224
2026-07-09T00:00:00+00:00,52441.34,52722.94,52243.44,52704.09,291742
2026-07-10T00:00:00+00:00,52704.09,52985.69,52506.19,52966.84,291742
2026-07-12T00:00:00+00:00,52476.94,52864.44,52353.94,52473.34,375408
2026-07-13T00:00:00+00:00,52473.34,52737.44,52016.59,52567.09,527035
2026-07-14T00:00:00+00:00,52567.09,52859.94,52451.44,52670.84,331610
2026-07-15T00:00:00+00:00,52670.84,52889.44,52390.94,52526.34,795232
2026-07-16T00:00:00+00:00,52526.34,52626.44,51965.44,52172.34,623582
2026-07-17T00:00:00+00:00,52172.34,52272.44,51611.44,51818.34,623582
2026-07-19T00:00:00+00:00,52165.45,52439.25,51802.75,51918.15,420535
2026-07-20T00:00:00+00:00,51918.15,52400.75,51843.9,52224.15,286376
2026-07-21T00:00:00+00:00,52224.15,52539.75,52082.4,52293.15,319893
2026-07-22T00:00:00+00:00,52293.15,52344.4,51560.75,51749.65,1095848
2026-07-23T00:00:00+00:00,51749.65,52146.28,51687.43,51917.68,559401
2026-07-24T00:00:00+00:00,51917.68,52314.31,51855.46,52085.71,559401
2026-07-26T00:00:00+00:00,51924.27,52633.85,51924.27,52275.25,532584
2026-07-27T00:00:00+00:00,52275.25,52959.01,52141.16,52760.91,543054
2026-07-28T00:00:00+00:00,52760.91,52890.27,51486.27,51587.52,799925
2026-07-29T00:00:00+00:00,51587.52,52361.58,51587.52,52297.83,1343052
2026-07-30T00:00:00+00:00,52297.83,52648.67,51999.17,52507.57,536783
2026-07-31T00:00:00+00:00,52507.57,52778.06,52469.31,52739.56,55361
2026-08-02T00:00:00+00:00,52507.57,53304.51,52507.57,53284.76,300069
2026-08-03T00:00:00+00:00,53284.76,54316.19,53165.59,54266.59,365255
2026-08-04T00:00:00+00:00,54266.59,54778.45,54239.1,54453.35,347419
2026-08-05T00:00:00+00:00,54453.35,54577.64,53852.64,53882.89,313321
2026-08-06T00:00:00+00:00,53882.89,54108.37,53788.37,53947.22,248817
2026-08-09T00:00:00+00:00,54035.36,54082.75,53864,53972,243066
2026-08-10T00:00:00+00:00,53972,54249.2,53768.2,53817.6,220881
2026-08-11T00:00:00+00:00,53817.6,54068.17,53762.02,53783.92,237546
2026-08-12T00:00:00+00:00,53783.92,54073.01,53639.51,53887.41,224248
2026-08-13T00:00:00+00:00,53887.41,53926.2,53672.05,53716.7,195748
2026-08-16T00:00:00+00:00,53716.7,53777.43,53408.78,53456.18,207524
2026-08-17T00:00:00+00:00,53456.18,53539.31,53261.66,53356.06,272261
2026-08-18T00:00:00+00:00,53356.06,53726.47,53281.62,53475.87,340256
2026-08-19T00:00:00+00:00,53475.87,53533.78,52756.28,52803.03,325242
2026-08-20T00:00:00+00:00,52803.03,53349.08,52768.23,53265.98,238424
2026-08-23T00:00:00+00:00,53257.72,53509.24,53151.39,53460.64,279295
2026-08-24T00:00:00+00:00,53460.64,53700.42,53378.92,53686.92,69694
2026-08-25T00:00:00+00:00,53686.92,53820.94,53518.29,53560.79,224806
2026-08-26T00:00:00+00:00,53560.79,53653,53504,53531.5,16197
2026-08-27T00:00:00+00:00,53531.5,53793.869999999995,53446.369999999995,53515.77,411413
2026-08-30T00:00:00+00:00,53537.17,53559.43,53119.28,53228.18,291502
2026-08-31T00:00:00+00:00,53228.18,53276.42,52679.77,52783.17,357459
2026-09-01T00:00:00+00:00,52783.17,52799.54,52715.54,52744.04,17910
